{
  "Model": "NPC/Intelligent/Robot_Golem/Models/Robot_Golem.blockymodel",
  "Texture": "NPC/Intelligent/Robot_Golem/Models/Model_Textures/robot1.png",
  "EyeHeight": 2,
  "HitBox": {
    "Max": {
      "X": 2,
      "Y": 5,
      "Z": 2
    },
    "Min": {
      "X": -2,
      "Y": 0,
      "Z": -2
    }
  },
  "MinScale": 1.6,
  "MaxScale": 1.6,
  "AnimationSets": {
    "Idle": {
      "Animations": [
        {
          "Animation": "NPC/Intelligent/Robot_Golem/Models/Animations/idle_Robot.blockyanim"
        }
      ]
    },
    "Walk": {
      "Animations": [
        {
          "Animation": "NPC/Intelligent/Robot_Golem/Models/Animations/walk_Robot.blockyanim"
        }
      ]
    },
    "WalkBackward": {
      "Animations": [
        {
          "Animation": "NPC/Boss/Golem_Guardian/Animations/Walk_Backward.blockyanim"
        }
      ]
    },
    "Run": {
      "Animations": [
        {
          "Animation": "NPC/Intelligent/Robot_Golem/Models/Animations/walk_Robot.blockyanim",
          "Speed": 1
        }
      ]
    },
    "Jump": {
      "Animations": [
        {
          "Animation": "NPC/Boss/Golem_Guardian/Animations/Jump.blockyanim",
          "BlendingDuration": 0.1,
          "Looping": false
        }
      ]
    },
    "JumpWalk": {
      "Animations": [
        {
          "Animation": "NPC/Boss/Golem_Guardian/Animations/Jump_Far.blockyanim",
          "BlendingDuration": 0.1,
          "Looping": false,
          "Speed": 0.8
        },
        {
          "Animation": "NPC/Boss/Golem_Guardian/Animations/Jump_Far2.blockyanim",
          "BlendingDuration": 0.1,
          "Looping": false
        }
      ]
    },
    "JumpRun": {
      "Animations": [
        {
          "Animation": "NPC/Boss/Golem_Guardian/Animations/Jump_Far.blockyanim",
          "BlendingDuration": 0.1,
          "Looping": false,
          "Speed": 0.8
        },
        {
          "Animation": "NPC/Boss/Golem_Guardian/Animations/Jump_Far2.blockyanim",
          "BlendingDuration": 0.1,
          "Looping": false
        }
      ]
    },
    "Fall": {
      "Animations": [
        {
          "Animation": "NPC/Boss/Golem_Guardian/Animations/Fall.blockyanim",
          "BlendingDuration": 0.4,
          "Looping": true
        },
        {
          "Animation": "NPC/Boss/Golem_Guardian/Animations/Fall2.blockyanim",
          "BlendingDuration": 0.4
        }
      ]
    },
    "Alerted": {
      "Animations": [
        {
          "Animation": "NPC/Boss/Golem_Guardian/Animations/Alerted.blockyanim"
        }
      ]
    },
    "Hurt": {
      "Animations": [
        {
          "Animation": "NPC/Boss/Golem_Guardian/Animations/Hurt.blockyanim",
          "BlendingDuration": 0.1,
          "Looping": false
        }
      ]
    },
    "Death": {
      "Animations": [
        {
          "Animation": "NPC/Boss/Golem_Guardian/Animations/Death.blockyanim",
          "Looping": false
        }
      ]
    }
  },
  "Particles": [
    {
      "SystemId": "Void_Dragon_Effects",
      "TargetNodeName": "Chest",
      "Color": "#00c9ff",
      "Scale": 0.7,
      "PositionOffset": {
        "Y": 0.8
      }
    },
    {
      "SystemId": "Void_Dragon_Effects",
      "Color": "#ffe400",
      "PositionOffset": {
        "Y": 0.7
      },
      "Scale": 0.9
    }
  ],
  "Icon": "Icons/ModelsGenerated/Robot_Golem.png",
  "IconProperties": {
    "Scale": 0.2,
    "Rotation": [
      0,
      -45,
      0
    ],
    "Translation": [
      12,
      -108
    ]
  }
}
