{
  "Type": "Variant",
  "Reference": "Template_Intelligent",
  "Modify": {
    "MaxHealth": 160,
    "ViewSector": 150,
    "DropList": "Drop_Golem_Crystal_Earth",
    "Appearance": "Robot_Golem",
    "Weapons": [],
    "OffHand": [],
    "MaxSpeed": 6,
    "ViewRange": 19,
    "WakingIdleBehaviorComponent": "Component_Instruction_Stationary_Idle",
    "Attack": "Root_NPC_Golem_Crystal_Earth_Attack",
    "AttackDistance": 9,
    "BlockProbability": 0,
    "DesiredAttackDistanceRange": [
      2,
      2.6
    ],
    "CombatAttackPostDelay": [
      1.0,
      1.2
    ],
    "CombatBackOffAfterAttack": false,
    "CombatRelativeTurnSpeed": 0.25,
    "LeashDistance": 15,
    "HardLeashDistance": 22,
    "AttitudeGroup": "Golem",
    "IsMemory": true,
    "MemoriesCategory": "Elemental",
    "NameTranslationKey": {
      "Compute": "NameTranslationKey"
    }
  },
  "Parameters": {
    "NameTranslationKey": {
      "Value": "server.npcRoles.Golem_Crystal_Earth.name",
      "Description": "Translation key for NPC name display"
    }
  }
}
