{
  "TranslationProperties": {
    "Name": "Tesla",
    "Description": "Deployable turret that can attack enemies."
  },
  "Id": "Tesla_Turret",
  "Icon": "Icons/ItemsGenerated/Robot_Small.png",
  "Model": "NPC/Intelligent/Robot_Small/Models/Robot_Small.blockymodel",
  "Texture": "NPC/Intelligent/Robot_Small/Models/Model_Textures/Robot_Small.png",
  "Quality": "Common",
  "MaxStack": 1,
  "Categories": [
    "Workbench_Survival"
  ],
  "Recipe": {
    "TimeSeconds": 3.5,
    "Input": [
      {
        "ItemId": "Ingredient_Bar_Iron",
        "Quantity": 7
      },
      {
        "ItemId": "Ingredient_Bar_Copper",
        "Quantity": 2
      }
    ],
    "BenchRequirement": [
      {
        "Id": "Workbench",
        "Type": "Crafting",
        "Categories": [
          "Workbench_Survival"
        ]
      }
    ]
  },
  "Interactions": {
    "Secondary": {
      "Interactions": [
        {
          "Type": "SpawnNPC",
          "EntityId": "Robot_Small_NPC",
          "SpawnOffset": {
            "Y": 1
          },
          "CancelOnItemChange": false,
          "Effects": {
            "Particles": [
              {
                "SystemId": "Void_Dragon_Effects",
                "PositionOffset": {
                  "Y": 0
                }
              }
            ]
          }
        },
        {
          "Type": "ModifyInventory",
          "AdjustHeldItemQuantity": -1
        }
      ]
    }
  },
  "IconProperties": {
    "Scale": 0.4,
    "Rotation": [
      0,
      25,
      0
    ],
    "Translation": [
      0,
      -50
    ]
  },
  "Scale": 0.4
}
