{
  "TranslationProperties": {
    "Name": "Turret",
    "Description": "Deployable turret that can shoot enemies."
  },
  "Id": "Turret",
  "Icon": "Icons/ItemsGenerated/Turret.png",
  "Model": "Items/Turret/model.blockymodel",
  "Texture": "Items/Turret/model_texture.png",
  "Quality": "Common",
  "MaxStack": 1,
  "Categories": [
    "Workbench_Survival"
  ],
  "Recipe": {
    "TimeSeconds": 3.5,
    "Input": [
      {
        "ItemId": "Ingredient_Bar_Iron",
        "Quantity": 8
      },
      {
        "ItemId": "Ingredient_Bar_Copper",
        "Quantity": 6
      },
      {
        "ItemId": "Rock_Stone",
        "Quantity": 10
      }
    ],
    "BenchRequirement": [
      {
        "Id": "Workbench",
        "Type": "Crafting",
        "Categories": [
          "Workbench_Survival"
        ]
      }
    ]
  },
  "Interactions": {
    "Secondary": {
      "Interactions": [
        {
          "Type": "SpawnNPC",
          "EntityId": "Turret",
          "SpawnOffset": {
            "Y": 1
          }
        },
        {
          "Type": "ModifyInventory",
          "AdjustHeldItemQuantity": -1
        }
      ]
    }
  },
  "IconProperties": {
    "Scale": 0.16,
    "Rotation": [
      22.5,
      45,
      22.5
    ],
    "Translation": [
      0,
      -43
    ]
  }
}
