{
  "Type": "Abstract",
  "Parameters": {
    "NameTranslationKey": { "Value": "npc.tesla_turret.name", "Description": "ui name" },
    "Appearance": { "Value": "Tesla_Turret_Model", "Description": "model key" },
    "MaxHealth": { "Value": 250, "Description": "hp" }
  },

  "NameTranslationKey": { "Compute": "NameTranslationKey" },
  "Appearance": { "Compute": "Appearance" },
  "MaxHealth": { "Compute": "MaxHealth" },

  "StartState": "Idle",

  "MotionControllerList": [
    { "Type": "Walk", "MinWalkSpeed": 0.0, "MaxWalkSpeed": 0.1, "Gravity": 10, "MaxFallSpeed": 8, "Acceleration": 0.1 }
  ],

  "Instructions": [
    { "Sensor": { "Type": "State", "State": "Idle" }, "BodyMotion": { "Type": "Nothing" } }
  ]
}