{
  "Type": "Abstract",
  "Parameters": {
    "NameTranslationKey": {
      "Value": "npc.turret.name",
      "Description": "ui name"
    },
    "Appearance": {
      "Value": "Turret_Model",
      "Description": "model key"
    },
    "MaxHealth": {
      "Value": 250,
      "Description": "hp"
    },
    "ViewRange": {
      "Value": 18.0,
      "Description": "detection distance"
    },
    "ViewSector": {
      "Value": 360.0,
      "Description": "view cone degrees"
    },
    "HearingRange": {
      "Value": 0.0,
      "Description": "turret doesnt hear"
    },
    "AbsoluteDetectionRange": {
      "Value": 22.0,
      "Description": "hard cap"
    },
    "AttackDistance": {
      "Value": 18.0,
      "Description": "attack range (melee-safe)"
    },
    "Attack": {
      "Value": "Root_NPC_Turret_Attack",
      "Description": "attack definition key"
    },
    "AttackPauseRange": {
      "Value": [
        1.25,
        1.45
      ],
      "Description": "pause between attacks"
    },
    "CombatRelativeTurnSpeed": {
      "Value": 2.0,
      "Description": "aim turn speed"
    }
  },
  "NameTranslationKey": {
    "Compute": "NameTranslationKey"
  },
  "Appearance": {
    "Compute": "Appearance"
  },
  "MaxHealth": {
    "Compute": "MaxHealth"
  },
  "StartState": "Idle",
  "MotionControllerList": [
    {
      "Type": "Walk",
      "MinWalkSpeed": 0.0,
      "MaxWalkSpeed": 0.01,
      "Gravity": 10,
      "MaxFallSpeed": 8,
      "Acceleration": 0.1
    }
  ],
  "Instructions": [
    {
      "Sensor": {
        "Type": "State",
        "State": "Idle"
      },
      "Instructions": [
        {
          "Continue": true,
          "Sensor": {
            "Type": "Any",
            "Once": true
          },
          "Actions": [
            {
              "Type": "PlayAnimation",
              "Slot": "Status",
              "Animation": "Idle"
            }
          ]
        },
        {
          "Sensor": {
            "Reference": "Component_Sensor_Standard_Detection",
            "Modify": {
              "ViewRange": {
                "Compute": "ViewRange"
              },
              "ViewSector": {
                "Compute": "ViewSector"
              },
              "HearingRange": {
                "Compute": "HearingRange"
              },
              "AbsoluteDetectionRange": {
                "Compute": "AbsoluteDetectionRange"
              },
              "Attitudes": [
                "Hostile"
              ]
            }
          },
          "Actions": [
            {
              "Type": "SetMarkedTarget"
            },
            {
              "Type": "State",
              "State": "Combat"
            }
          ]
        }
      ]
    },
    {
      "Sensor": {
        "Type": "State",
        "State": "Combat"
      },
      "Instructions": [
        {
          "Sensor": {
            "Type": "Not",
            "Sensor": {
              "Type": "Target"
            }
          },
          "Actions": [
            {
              "Type": "ReleaseTarget"
            },
            {
              "Type": "State",
              "State": "Idle"
            }
          ]
        },
        {
          "Continue": true,
          "Sensor": {
            "Type": "Target",
            "Range": {
              "Compute": "AttackDistance"
            },
            "Filters": [
              {
                "Type": "LineOfSight"
              }
            ]
          },
          "HeadMotion": {
            "Type": "Aim",
            "RelativeTurnSpeed": {
              "Compute": "CombatRelativeTurnSpeed"
            }
          },
          "BodyMotion": {
            "Type": "Nothing"
          },
          "ActionsBlocking": true,
          "Actions": [
            {
              "Type": "PlayAnimation",
              "Slot": "Status",
              "Animation": "Attack"
            },
            {
              "Type": "Attack",
              "Attack": {
                "Compute": "Attack"
              },
              "AttackPauseRange": {
                "Compute": "AttackPauseRange"
              }
            },
            {
              "Type": "Timeout",
              "Delay": [
                0.2,
                0.2
              ]
            }
          ]
        },
        {
          "Sensor": {
            "Type": "Target",
            "Range": {
              "Compute": "ViewRange"
            }
          },
          "HeadMotion": {
            "Type": "Aim",
            "RelativeTurnSpeed": {
              "Compute": "CombatRelativeTurnSpeed"
            }
          },
          "BodyMotion": {
            "Type": "Nothing"
          }
        }
      ]
    }
  ]
}
