{
  "Appearance": "Ice_Bolt",
  "Radius": 0.2,
  "Height": 0.2,
  "HorizontalCenterShot": 0.2,
  "VerticalCenterShot": 0.1,
  "DepthShot": 1.5,
  "PitchAdjustShot": true,
  "SticksVertically": true,
  "MuzzleVelocity": 50,
  "TerminalVelocity": 55,
  "Gravity": 3,
  "ImpactSlowdown": 0,
  "TimeToLive": 20,
  "Damage": 15,
  "DeadTimeMiss": 0,
  "DeathEffectsOnHit": true,
  "HitParticles": {
    "SystemId": "Impact_Ice"
  },
  "DeathParticles": {
    "SystemId": "Impact_Ice"
  },
  "HitSoundEventId": "SFX_Ice_Break",
  "DeathSoundEventId": "SFX_Ice_Break"
}