{
  "Type": "Simple",
  "RunTime": 2,
  "Next": {
    "Type": "Selector",
    "RunTime": 2,
    "Selector": {
      "Id": "Horizontal",
      "Direction": "ToLeft",
      "TestLineOfSight": true,
      "ExtendTop": 0.5,
      "ExtendBottom": 1.0,
      "StartDistance": 0.1,
      "EndDistance": 18.0,
      "Length": 5,
      "RollOffset": 0,
      "YawStartOffset": -2
    },
    "HitEntity": {
      "Interactions": [
        {
          "Parent": "DamageEntityParent",
          "DamageCalculator": {
            "BaseDamage": {
              "Physical": 15
            }
          }
        }
      ]
    },
    "Effects": {
      "Particles": [
        {
          "SystemId": "IceBall_Explosion"
        }
      ]
    }
  },
  "Effects": {
    "Particles": [
      {
        "SystemId": "IceBall"
      }
    ]
  }
}
