{
  "Id": "Tesla_Turret_Model",
  "Model": "NPC/Turret/Tesla_Turret/Models/TeslaTurret_Model.blockymodel",
  "Texture": "NPC/Turret/Tesla_Turret/Models/Model_Textures/TeslaTurret_texture.png",
  "EyeHeight": 2.5,
  "CrouchOffset": -0.3,
  "HitBox": {
    "Max": {
      "X": 0.3,
      "Y": 1.7,
      "Z": 0.3
    },
    "Min": {
      "X": -0.3,
      "Y": 0,
      "Z": -0.3
    }
  },
  "DefaultAttachments": [],
  "AnimationSets": {
    "Idle": {
      "Animations": [
        {
          "Animation": "NPC/Turret/Tesla_Turret/Animations/idle.blockyanim",
          "Speed": 1.0
        }
      ]
    }
  },
  "PhysicsValues": {
    "DragCoefficient": 0,
    "Mass": 100
  },
  "Icon": "Icons/ModelsGenerated/Tesla_Turret_Model.png",
  "IconProperties": {
    "Scale": 0.2,
    "Rotation": [
      0,
      -45,
      0
    ],
    "Translation": [
      0,
      -90
    ]
  },
  "MinScale": 1.2,
  "MaxScale": 1.2,
  "Particles": [
    {
      "PositionOffset": {
        "Y": 0.04
      },
      "Color": "#96e5fe",
      "SystemId": "Void_Dragon_Effects",
      "DetachedFromModel": false,
      "Scale": 0.6
    }
  ]
}
