{
  "Id": "Turret_Model",
  "Model": "NPC/Turret/Turret/Models/Turret_Model.blockymodel",
  "Texture": "NPC/Turret/Turret/Models/Model_Textures/Turret_texture.png",
  "EyeHeight": 2.6,
  "CrouchOffset": -0.3,
  "HitBox": {
    "Max": {
      "X": 0.3,
      "Y": 1.7,
      "Z": 0.3
    },
    "Min": {
      "X": -0.3,
      "Y": 0,
      "Z": -0.3
    }
  },
  "DefaultAttachments": [],
  "AnimationSets": {
    "Idle": {
      "Animations": [
        {
          "Animation": "NPC/Turret/Turret/Animations/idle.blockyanim",
          "Speed": 1.0,
          "Loop": true
        }
      ]
    },
    "Attack": {
      "Animations": [
        {
          "Animation": "NPC/Turret/Turret/Animations/attack.blockyanim",
          "Speed": 1.0,
          "Loop": false
        }
      ]
    }
  }
}